trangnguyenminh;0;trangnguyenmi;100.0;1;phunguyentran;33.9;
vantranthien_;2;tungnguyenson;93.9;3;nhatnguyenmin;77.0;4;tongnguyenvan;76.7;5;datphamthanh_;35.9;6;thangtaquoc_L;41.4;
nhatnguyenmin;7;tungnguyenson;72.0;8;tongnguyenvan;72.6;9;thangtaquoc_L;51.1;10;datphamthanh_;35.5;
tungnguyenson;11;tongnguyenvan;67.6;12;datphamthanh_;40.8;13;thangtaquoc_L;40.8;
vuduongphanqu;14;viettranvuhoa;43.3;15;hoangnguyenqu;32.9;
datphamthanh_;16;thangtaquoc_L;45.1;17;tongnguyenvan;32.8;18;phunguyentran;30.6;
tongnguyenvan;19;thangtaquoc_L;41.2;
hoangnguyenqu;20;nhatdinhquang;36.5;21;longdangtruon;33.8;22;daihoangquoc_;34.4;
quanghoangphu;23;trungngoquang;32.8;24;cuongnguyenqu;33.1;25;longbuithanh_;30.3;
nhatdinhquang;26;huephamhuynhn;29.8;27;daihoangquoc_;33.8;
phunguyentran;28;longtrankim_1;36.6;29;trangnguyenmi;33.9;
