trangnguyenminh;0;trangnguyenmi;100.0;1;phunguyentran;28.0;
vantranthien_;2;tungnguyenson;93.5;3;nhatnguyenmin;74.1;4;tongnguyenvan;68.3;5;datphamthanh_;33.5;6;thangtaquoc_L;32.0;
nhatnguyenmin;7;tungnguyenson;69.5;8;tongnguyenvan;67.4;9;thangtaquoc_L;41.4;10;datphamthanh_;34.5;
tungnguyenson;11;tongnguyenvan;60.5;12;datphamthanh_;38.2;13;thangtaquoc_L;31.7;
vuduongphanqu;14;viettranvuhoa;38.1;15;hoangnguyenqu;27.9;
datphamthanh_;16;thangtaquoc_L;37.8;17;tongnguyenvan;31.4;18;phunguyentran;30.0;
tongnguyenvan;19;thangtaquoc_L;36.2;
hoangnguyenqu;20;nhatdinhquang;33.8;21;longdangtruon;32.2;22;daihoangquoc_;30.9;
quanghoangphu;23;trungngoquang;32.8;24;cuongnguyenqu;31.2;25;longbuithanh_;27.8;
nhatdinhquang;26;huephamhuynhn;28.9;27;daihoangquoc_;27.8;
phunguyentran;28;longtrankim_1;28.5;29;trangnguyenmi;28.0;
